<?xml version="1.0" encoding="UTF-8"?>
<!--
  Licensed to the Apache Software Foundation (ASF) under one or more
  contributor license agreements.  See the NOTICE file distributed with
  this work for additional information regarding copyright ownership.
  The ASF licenses this file to You under the Apache License, Version 2.0
  (the "License"); you may not use this file except in compliance with
  the License.  You may obtain a copy of the License at

      http://www.apache.org/licenses/LICENSE-2.0

  Unless required by applicable law or agreed to in writing, software
  distributed under the License is distributed on an "AS IS" BASIS,
  WITHOUT WARRANTIES OR CONDITIONS OF ANY KIND, either express or implied.
  See the License for the specific language governing permissions and
  limitations under the License.
-->
<!DOCTYPE document PUBLIC "-//APACHE//DTD Documentation V2.0//EN" "http://forrest.apache.org/dtd/document-v20.dtd">
<document>
  <header>
    <title>link: site</title>
  </header>
  <body>
    <section id="overview">
      <title>Overview</title>
      <p>
        <a href="site:link-simple">link</a>
      </p>
      <p>
        Apache Forrest is a publishing framework that transforms input from
        various sources into a unified presentation in one or more output
        formats. The modular and extensible plugin architecture is based on
        Apache Cocoon and relevant standards, which separates presentation from
        content. Forrest can generate static documents, or be used as a dynamic
        server, or be deployed by its automated facility.
      </p>
    </section>
  </body>
</document>
