<?xml version="1.0" encoding="UTF-8"?>
<!--
  Licensed to the Apache Software Foundation (ASF) under one or more
  contributor license agreements.  See the NOTICE file distributed with
  this work for additional information regarding copyright ownership.
  The ASF licenses this file to You under the Apache License, Version 2.0
  (the "License"); you may not use this file except in compliance with
  the License.  You may obtain a copy of the License at

      http://www.apache.org/licenses/LICENSE-2.0

  Unless required by applicable law or agreed to in writing, software
  distributed under the License is distributed on an "AS IS" BASIS,
  WITHOUT WARRANTIES OR CONDITIONS OF ANY KIND, either express or implied.
  See the License for the specific language governing permissions and
  limitations under the License.
-->
<!DOCTYPE document PUBLIC "-//APACHE//DTD Documentation V2.0//EN" "http://forrest.apache.org/dtd/document-v20.dtd">
<document>
  <header>
    <title>Samples</title>
  </header>
  <body>
    <section id="samples1">
      <title>Samples are found in two areas</title>
        <ul>
                <li><a href="site:docs-samples1/index">Samples-1</a> Contains many examples including DTD usage; Linking Demo; SVG; XML Entities; Locationmap and more ...</li>
                <li><a href="site:docs-samples2/index">Samples-2</a> Contains a few examples, mainly i18n Internationalisation; Sub-Directory usage and conditional display of menu items.</li>
          </ul>
    </section>

    <section id="please-contribute">
      <title>If something goes wrong..</title>
      <p>
        Patches are welcome:
        <a href="http://forrest.apache.org/docs/faq.html">Forrest FAQ</a>
      </p>
    </section>
  </body>
</document>
