<?xml version="1.0" encoding="UTF-8"?>
<!--
  Licensed to the Apache Software Foundation (ASF) under one or more
  contributor license agreements.  See the NOTICE file distributed with
  this work for additional information regarding copyright ownership.
  The ASF licenses this file to You under the Apache License, Version 2.0
  (the "License"); you may not use this file except in compliance with
  the License.  You may obtain a copy of the License at

      http://www.apache.org/licenses/LICENSE-2.0

  Unless required by applicable law or agreed to in writing, software
  distributed under the License is distributed on an "AS IS" BASIS,
  WITHOUT WARRANTIES OR CONDITIONS OF ANY KIND, either express or implied.
  See the License for the specific language governing permissions and
  limitations under the License.
-->
<!DOCTYPE document PUBLIC "-//APACHE//DTD Documentation V2.0//EN" "http://forrest.apache.org/dtd/document-v20.dtd">
<document>
  <header>
    <title>Wilkommen zu "MyProj"</title>
  </header>
  <body>
    <section id="overview">
      <title>Bravo!</title>
      <p>
        Sie haben ein <a href="ext:forrest">Apache Forrest</a> basiertes Projekt
        generiert. Diese Seite wird von einer xdocs konformen Datei
        <code>src/documentation/content/xdocs/samples/demo-i18n.de.xml</code>
      </p>
    </section>
    <section id="see-english">
      <title>Übersetzungen</title>
      <p>
        Im Site-Skeleton ist nur diese Seite übersetzt, um die i18n-Features zu
        testen.
      </p>
      <p>
        Für mehr Informationen, konsultieren Sie bitte die
        <a href="site:i18n">i18n</a>.
      </p>
    </section>
  </body>
</document>
