<?xml version="1.0"?>
<!--
  Licensed to the Apache Software Foundation (ASF) under one or more
  contributor license agreements.  See the NOTICE file distributed with
  this work for additional information regarding copyright ownership.
  The ASF licenses this file to You under the Apache License, Version 2.0
  (the "License"); you may not use this file except in compliance with
  the License.  You may obtain a copy of the License at

      http://www.apache.org/licenses/LICENSE-2.0

  Unless required by applicable law or agreed to in writing, software
  distributed under the License is distributed on an "AS IS" BASIS,
  WITHOUT WARRANTIES OR CONDITIONS OF ANY KIND, either express or implied.
  See the License for the specific language governing permissions and
  limitations under the License.
-->
<!DOCTYPE document PUBLIC "-//APACHE//DTD Documentation V2.0//EN" "http://forrest.apache.org/dtd/document-v20.dtd">
<document>
  <header>
    <title>Samples 2 Documentation</title>
  </header>
  <body>
    <section id="samples2-intro">
      <title>Samples 2 Documentation Overview</title>
      <p>
              Samples are currently split into two areas. This is purely to help
              envisage and document by example the usage of tabs and sub-tabs.
              One section is no more important than the other.
      </p>
      <ul>
              <li>The Navigation Menu will show documentation contained in the 'samples2' directory.</li>
              <li>The Navigation highlights the current page. (This index.html page has a label of 'Overview')</li>
              <li>The current selected 'Tab' will show 'Samples'.</li>
              <li>The current selected 'SubTab' will show 'Samples 2'</li>
      </ul>
    </section>
    <section id="samples2-docs">
      <title>Documentation contained in Samples 2</title>
      <ul>
              <li><a href="site:docs-samples2/i18n">Internationalisation (i18n)</a> A quick intro into the usage of i18n within Forrest.</li>
              <li><a href="site:docs-samples2/i18n-demo">i18n Demonstration</a> An i18n Demonstration page.</li>
              <li><a href="site:docs-samples1/faq">FAQ</a> Frequently Asked Questions.</li>
              <li><a href="site:docs-samples2/subdir/index">Subdir</a> Links to an index page which is a sub-directory of 'samples2'.</li>
              <li><a href="site:docs-samples2/showonlywhenselected/page1">Conditional Display</a> Conditional display of menu items example.</li>

      </ul>
</section>
<section id="samples2-where-else">
        <title>Links to other Sample Documentation</title>
      <p>
              Take a look at <a href="site:samples/overview">the Samples Index</a> to view other
              samples sections. (Currently we have '<a href="site:docs-samples1/index">Samples 1</a>' and 'Samples 2')
      </p>
    </section>
  </body>
</document>
