<?xml version="1.0"?>
<!--
  Licensed to the Apache Software Foundation (ASF) under one or more
  contributor license agreements.  See the NOTICE file distributed with
  this work for additional information regarding copyright ownership.
  The ASF licenses this file to You under the Apache License, Version 2.0
  (the "License"); you may not use this file except in compliance with
  the License.  You may obtain a copy of the License at

      http://www.apache.org/licenses/LICENSE-2.0

  Unless required by applicable law or agreed to in writing, software
  distributed under the License is distributed on an "AS IS" BASIS,
  WITHOUT WARRANTIES OR CONDITIONS OF ANY KIND, either express or implied.
  See the License for the specific language governing permissions and
  limitations under the License.
-->
<!DOCTYPE tiles-definitions PUBLIC "-//Apache Software Foundation//DTD Tiles Configuration//EN" "http://jakarta.apache.org/struts/dtds/tiles-config.dtd">
<tiles-definitions>
  <definition name="summary" path="/common/layout.jsp">
    <put name="title" value="Forrestbot Web Interface" direct="true"/>
    <put name="header" value="/common/header.jsp"/>
    <put name="welcome" value="/welcome.html"/>
    <put name="welcome-local" value="/welcome.local.html"/>
    <put name="login" value="/loginForm.jsp"/>
    <put name="footer" value="/common/footer.jsp"/>
    <put name="body-content" value="/summary.jsp"/>
  </definition>
  <definition name="summaryAuthorized" extends="summary">
    <put name="title" value="Forrestbot Web Interface - authorized" direct="true"/>
    <put name="login" value="/commandForm.jsp"/>
  </definition>
  <definition name="execute" path="/common/simple.jsp">
    <put name="title" value="Forrestbot Web Interface" direct="true"/>
    <put name="header" value="/common/header.jsp"/>
    <put name="footer" value="/common/footer.jsp"/>
    <put name="body-content" value="/execute.jsp"/>
  </definition>
  <definition name="viewlog_frame" path="/common/viewlog_frame.jsp">
    <put name="title" value="Forrestbot log" direct="true"/>
  </definition>
  <definition name="viewlog_body" path="/viewlog_body.jsp"/>
  <definition name="viewlog_header" path="/viewlog_header.jsp">
    <put name="title" value="Forrestbot log" direct="true"/>
  </definition>
  <definition name="logout" path="/common/simple.jsp">
    <put name="title" value="Forrestbot Web Interface" direct="true"/>
    <put name="header" value="/common/header.jsp"/>
    <put name="footer" value="/common/footer.jsp"/>
    <put name="body-content" value="/logout.jsp"/>
  </definition>
</tiles-definitions>
