<?xml version="1.0" encoding="UTF-8"?>
<!--
  Licensed to the Apache Software Foundation (ASF) under one or more
  contributor license agreements.  See the NOTICE file distributed with
  this work for additional information regarding copyright ownership.
  The ASF licenses this file to You under the Apache License, Version 2.0
  (the "License"); you may not use this file except in compliance with
  the License.  You may obtain a copy of the License at

      http://www.apache.org/licenses/LICENSE-2.0

  Unless required by applicable law or agreed to in writing, software
  distributed under the License is distributed on an "AS IS" BASIS,
  WITHOUT WARRANTIES OR CONDITIONS OF ANY KIND, either express or implied.
  See the License for the specific language governing permissions and
  limitations under the License.
-->
<!DOCTYPE document PUBLIC "-//APACHE//DTD Documentation V2.0//EN" "http://forrest.apache.org/dtd/document-v20.dtd">
<document>
  <header>
    <title>Welcome to the org.apache.forrest.plugin.input.doac Plugin</title>
  </header>
  <body>
    <section id="overview">
      <title>Apache Forrest - org.apache.forrest.plugin.input.doac Plugin</title>
      <p>
        Generate a resume for a person out of Description-Of-A-Career (DOAC) RDF/XML data 
      </p>
    </section>
    <section id="samples">
      <title>Samples</title>
      <p>
        This section includes links to a number of samples using this plugin.
        The plugin is intended to be self documenting through these samples. If
        you require further help please ask on the user mailing list.
      </p>
      <p>
        You can make this plugin aware of the FOAF file by listing in the <code>locationmap</code>.
        A sample entry would be as follows: (You can also give the URL of the FOAF file for <code>
        location src</code>, instead of placing the FOAF file in the <code>xdocs/samples/</code> and 
        giving the relative path there.)
      </p>
      <source>
<![CDATA[      
    <match pattern="doac.descriptor.ramon">
      <location src="{properties:content}xdocs/samples/ramon_foaf.rdf" />
    </match>]]></source>
      <ul>
        <li><a href="person/ramon.html">Sample Resume Page generated from DOAC data</a></li>
       </ul>
      </section>
  </body>
</document>
