<?xml version="1.0" encoding="UTF-8"?>
<!--
  Licensed to the Apache Software Foundation (ASF) under one or more
  contributor license agreements.  See the NOTICE file distributed with
  this work for additional information regarding copyright ownership.
  The ASF licenses this file to You under the Apache License, Version 2.0
  (the "License"); you may not use this file except in compliance with
  the License.  You may obtain a copy of the License at

      http://www.apache.org/licenses/LICENSE-2.0

  Unless required by applicable law or agreed to in writing, software
  distributed under the License is distributed on an "AS IS" BASIS,
  WITHOUT WARRANTIES OR CONDITIONS OF ANY KIND, either express or implied.
  See the License for the specific language governing permissions and
  limitations under the License.
-->
<!DOCTYPE document PUBLIC "-//APACHE//DTD Documentation V2.0//EN" "http://forrest.apache.org/dtd/document-v20.dtd">
<document>
  <header>
    <title>Welcome to MyProj</title>
  </header>
  <body>
    <section id="status">
      <title>Congratulations</title>
      <p>
        You have successfully generated and rendered an
        <a
          href="ext:forrest">Apache Forrest</a> site. This page is
        from the site template. It is found in
        <code>src/documentation/content/xdocs/index.xml</code> Please edit it
        and replace this text with content of your own.
      </p>
    </section>
    <section id="examples">
      <title>Using examples as templates</title>
      <p>
        This demo site has many examples. See the menu at the left. The sources
        for these examples are in the directory
        <code>src/documentation/content/xdocs/</code>
      </p>
      <p>
        The sources for the Apache Forrest website are also included in your
        distribution at <code>$FORREST_HOME/site-author/</code>
      </p>
      <p>
        You can also extend the functionality of Forrest via
        <a href="site:plugins">plugins</a>, these will often come with more
        samples for you to out.
      </p>
    </section>
  </body>
</document>
