<?xml version="1.0"?>
<!--
  Licensed to the Apache Software Foundation (ASF) under one or more
  contributor license agreements.  See the NOTICE file distributed with
  this work for additional information regarding copyright ownership.
  The ASF licenses this file to You under the Apache License, Version 2.0
  (the "License"); you may not use this file except in compliance with
  the License.  You may obtain a copy of the License at

      http://www.apache.org/licenses/LICENSE-2.0

  Unless required by applicable law or agreed to in writing, software
  distributed under the License is distributed on an "AS IS" BASIS,
  WITHOUT WARRANTIES OR CONDITIONS OF ANY KIND, either express or implied.
  See the License for the specific language governing permissions and
  limitations under the License.
-->
<!-- 
if a user is in the same group as a project, they have access to build it

The projects and users must also be specified in projects.xml and users.xml, respectively
-->
<groups>
  <group id="All Projects">
<!-- projects -->
    <user id="avalon-phoenix"/>
    <user id="avalon-site"/>
    <user id="cocoon-site"/>
    <user id="forrest"/>
    <user id="forrest-krysalis"/>
    <user id="forrest-seed"/>
    <user id="incubator"/>
    <user id="ws-site"/>
    <user id="xml-fop"/>
    <user id="xml-site"/>
    <user id="xml-xindice"/>
    <user id="xml-xmlbeans"/>
<!-- users -->
    <user id="forrest-dev"/>
  </group>
</groups>
