<?xml version="1.0"?>
<!--
  Licensed to the Apache Software Foundation (ASF) under one or more
  contributor license agreements.  See the NOTICE file distributed with
  this work for additional information regarding copyright ownership.
  The ASF licenses this file to You under the Apache License, Version 2.0
  (the "License"); you may not use this file except in compliance with
  the License.  You may obtain a copy of the License at

      http://www.apache.org/licenses/LICENSE-2.0

  Unless required by applicable law or agreed to in writing, software
  distributed under the License is distributed on an "AS IS" BASIS,
  WITHOUT WARRANTIES OR CONDITIONS OF ANY KIND, either express or implied.
  See the License for the specific language governing permissions and
  limitations under the License.
-->
<!DOCTYPE document PUBLIC "-//APACHE//DTD Documentation V2.0//EN" "http://forrest.apache.org/dtd/document-v20.dtd">
<document>
  <header>
    <title>Samples 1 Documentation</title>
  </header>
  <body>
    <section id="samples1-intro">
      <title>Samples 1 Documentation Overview</title>
      <p>
              Samples are currently split into two areas. This is purely to help
              envisage and document by example the usage of tabs and sub-tabs.
              One section is no more important than the other.
      </p>
      <ul>
              <li>The Navigation Menu will show documentation contained in the 'samples1' directory.</li>
              <li>The Navigation highlights the current page. (This index.html page has a label of 'Overview')</li>
              <li>The current selected 'Tab' will show 'Samples'.</li>
              <li>The current selected 'SubTab' will show 'Samples 1'</li>
      </ul>
    </section>
    <section id="samples1-docs">
      <title>Documentation contained in Samples 1</title>
      <ul>
              <li><a href="site:docs-samples1/sample">Apache Doc V2.0</a> A demonstration document using all elements in the Apache Forrest xdocs document-v20.dtd.</li>
              <li><a href="site:docs-samples1/linking">Linking</a> A Demonstration of Linking.</li>
              <li><a href="site:docs-samples1/sample-howto">HowTo</a> Describes the steps neccessary to create a How-To document.</li>
              <li><a href="site:docs-samples1/sample-html">Embedded HTML</a> A demonstration page showing how to embed HTML in Forrest.</li>
              <li><a href="site:docs-samples1/sample-ascii-art">ascii-art page</a> ASCII Art Sample page.</li>
              <li><a href="site:docs-samples1/svg">Using SVG</a> Using Scalable Vector Graphics (SVG), contains links to SVG examples.</li>
              <li><a href="site:docs-samples1/sample-usemap">Usemap</a> Interactive client-side imagemaps - the usemap attribute.</li>
              <li><a href="site:docs-samples1/sample-custom">Custom Schema</a> Contains a custom schema example.</li>
              <li><a href="site:docs-samples1/xml-entities">XML Entities</a> Using XML entities for character replacements.</li>
              <li><a href="site:docs-samples1/faq">FAQ</a> Frequently Asked Questions.</li>
              <li><a href="site:docs-samples1/locationmap">Locationmap</a> An introduction and examples of using the Locationmap.</li>

      </ul>
</section>
<section id="samples1-where-else">
        <title>Links to other Sample Documentation</title>
      <p>
              Take a look at <a href="site:samples/overview">the Samples Index</a> to view other
              samples sections. (Currently we have 'Samples 1' and '<a href="site:docs-samples2/index">Samples 2</a>')
      </p>
    </section>
  </body>
</document>
