<?xml version="1.0"?>
<!--
  Licensed to the Apache Software Foundation (ASF) under one or more
  contributor license agreements.  See the NOTICE file distributed with
  this work for additional information regarding copyright ownership.
  The ASF licenses this file to You under the Apache License, Version 2.0
  (the "License"); you may not use this file except in compliance with
  the License.  You may obtain a copy of the License at

      http://www.apache.org/licenses/LICENSE-2.0

  Unless required by applicable law or agreed to in writing, software
  distributed under the License is distributed on an "AS IS" BASIS,
  WITHOUT WARRANTIES OR CONDITIONS OF ANY KIND, either express or implied.
  See the License for the specific language governing permissions and
  limitations under the License.
-->
<!DOCTYPE document PUBLIC "-//APACHE//DTD Documentation V2.0//EN" "http://forrest.apache.org/dtd/document-v20.dtd">
<document>
  <header>
    <title>Using Scalable Vector Graphics (SVG)</title>
  </header>
  <body>
    <p>
      Forrest can deliver raw SVG files for capable browsers, e.g. Firefox. See
      <a href="ellipse.svg">example</a>.
    </p>
    <p>
      Forrest can convert SVG files into Portable Network Graphic (PNG). See
      <a href="ellipse.png">example</a>. Note that Forrest will first look for a
      pre-prepared PNG file, and if not found then it will generate the PNG from
      the SVG.
    </p>
    <p>
      Be careful. We only provide a local copy of the SVG 1.0 DTD so if you use
      SVG 1.1 then there will be network trips for the DTDs.
      <a href="http://forrest.apache.org/docs/dev/validation.html#catalog">Configure</a>
      your local catalog entity resolver for your local DTD copies.
    </p>
  </body>
</document>
