<?xml version="1.0" encoding="UTF-8"?>
<!--
  Licensed to the Apache Software Foundation (ASF) under one or more
  contributor license agreements.  See the NOTICE file distributed with
  this work for additional information regarding copyright ownership.
  The ASF licenses this file to You under the Apache License, Version 2.0
  (the "License"); you may not use this file except in compliance with
  the License.  You may obtain a copy of the License at

      http://www.apache.org/licenses/LICENSE-2.0

  Unless required by applicable law or agreed to in writing, software
  distributed under the License is distributed on an "AS IS" BASIS,
  WITHOUT WARRANTIES OR CONDITIONS OF ANY KIND, either express or implied.
  See the License for the specific language governing permissions and
  limitations under the License.
-->
<!DOCTYPE document PUBLIC "-//APACHE//DTD Documentation V2.0//EN" "http://forrest.apache.org/dtd/document-v20.dtd">
<document>
  <header>
    <title>Welcome to the Apache Forrest benchmark site</title>
  </header>
  <body>
    <section id="overview">
      <title>Overview</title>
      <p>
        This is the benchmark site. It is a set of documents that will exercise
        Forrest and enable benchmarks to be run using various versions of the
        software.
      </p>
      <fixme author="open">
        Add some test documents. The content is not relevant as long as they
        exercise the relevant parts of Forrest/Cocoon processing.
      </fixme>
    </section>
  </body>
</document>
