<?xml version="1.0" encoding="UTF-8"?>
<!--
  Licensed to the Apache Software Foundation (ASF) under one or more
  contributor license agreements.  See the NOTICE file distributed with
  this work for additional information regarding copyright ownership.
  The ASF licenses this file to You under the Apache License, Version 2.0
  (the "License"); you may not use this file except in compliance with
  the License.  You may obtain a copy of the License at

      http://www.apache.org/licenses/LICENSE-2.0

  Unless required by applicable law or agreed to in writing, software
  distributed under the License is distributed on an "AS IS" BASIS,
  WITHOUT WARRANTIES OR CONDITIONS OF ANY KIND, either express or implied.
  See the License for the specific language governing permissions and
  limitations under the License.
-->
<!DOCTYPE faqs PUBLIC "-//APACHE//DTD FAQ V2.0//EN" "http://forrest.apache.org/dtd/faq-v20.dtd">
<faqs>
  <title>Frequently Asked Questions</title>
  <faqsection id="docs">
    <title>Documentation</title>
    <faq id="forrest">
      <question>
        How can I help write documentation?
      </question>
      <answer>
        <p>
          This project uses <a href="ext:forrest">Apache Forrest</a> to generate
          documentation from XML. Please download a copy of Forrest, which can
          be used to <a
            href="ext:forrest/validation">validate</a>,
          <a
            href="ext:forrest/webapp">develop</a> and render a
          project site.
        </p>
      </answer>
    </faq>
<!-- More faqs or parts here -->
  </faqsection>
  <faqsection id="motd">
    <title>Message of the day (MOTD).</title>
    <faq id="motd1">
      <question>
	How do I enable MOTD?
      </question>
      <answer>
        <p>
          There is example MOTD code in /src/documentation/skinconf.xml. Enable
          this and make sure the motd-option pattern URI points to the page or
          pages you want the message to appear.
        </p>
      </answer>
    </faq>
  </faqsection>
<!-- More faqs or parts here -->
</faqs>
