<?xml version="1.0" encoding="UTF-8"?>
<!--
  Licensed to the Apache Software Foundation (ASF) under one or more
  contributor license agreements.  See the NOTICE file distributed with
  this work for additional information regarding copyright ownership.
  The ASF licenses this file to You under the Apache License, Version 2.0
  (the "License"); you may not use this file except in compliance with
  the License.  You may obtain a copy of the License at

      http://www.apache.org/licenses/LICENSE-2.0

  Unless required by applicable law or agreed to in writing, software
  distributed under the License is distributed on an "AS IS" BASIS,
  WITHOUT WARRANTIES OR CONDITIONS OF ANY KIND, either express or implied.
  See the License for the specific language governing permissions and
  limitations under the License.
-->
<!DOCTYPE document PUBLIC "-//APACHE//DTD Documentation V2.0//EN" "http://forrest.apache.org/dtd/document-v20.dtd">
<document>
  <header>
    <title>Page generated from a sub-directory</title>
    <authors>
      <person name="Joe Bloggs" email="joe@joescompany.org" />
    </authors>
  </header>
  <body>
    <section>
      <title>A sub-directory</title>
      <p>
        This was generated from a sub-directory.
      </p>
      <p>
        When creating new subdirectories, remember that these <em>must</em> be
        declared in site.xml or each directory must have a book.xml file.
      </p>
    </section>
  </body>
</document>
