<?xml version="1.0" encoding="UTF-8"?>
<!--
  Licensed to the Apache Software Foundation (ASF) under one or more
  contributor license agreements.  See the NOTICE file distributed with
  this work for additional information regarding copyright ownership.
  The ASF licenses this file to You under the Apache License, Version 2.0
  (the "License"); you may not use this file except in compliance with
  the License.  You may obtain a copy of the License at

      http://www.apache.org/licenses/LICENSE-2.0

  Unless required by applicable law or agreed to in writing, software
  distributed under the License is distributed on an "AS IS" BASIS,
  WITHOUT WARRANTIES OR CONDITIONS OF ANY KIND, either express or implied.
  See the License for the specific language governing permissions and
  limitations under the License.
-->
<siteConfigDialog>
<!-- This is where you specify the configuration options for the New Project Wizard  
       For the configFile element, the location attribute points to the location 
       of the configuration file to be edited.

	   For the field element here ar te meanings of the attributes
	   name = The name of the field attribute
	   label = The label that will show up on the form in the wizard
	   type = The type of control for this field. Currently supports only text and boolean
	   required = specifies if this field is required
	   tag = The XML tag in the configuration file that represents this configuration element
	   description = The description of this configuration element. Shows up as a tooltip.
	   default = The default value of this configuration element.
	   
  -->
  <configFile location="src/documentation/skinconf.xml">
    <field name="groupName" label ="Group Name" type="text" required="true" tag="group-name" description="The name of the Group this site belongs to:" default="Group Name"/>
    <field name="projectName" label ="Project Name" type="text" required="true" tag="project-name" description="The name of the Project this site belongs to:" default="Project Name"/>
    <field name="vendor" label ="vendor" type="text" required="true" tag="vendor" description="The name of the Vendor that produced this site" default="Vendor"/>
    <field name="copyrightLink" label ="Copyright Link" type="text" required="true" tag="copyright-link" description="Link to the copyright statement for this site" default="http://"/>
    <field name="year" label ="year" type="text" required="true" tag="year" description="Copyright Year" default="2005"/>
    <field name="pdfLink" label ="Disable PDF Link" type="boolean" default="false" tag="disable-pdf-link" description="Create a link to PDF pages" requiredPlugins="org.apache.forrest.plugin.output.PDF"/>
    <field name="PODLink" label ="Disable POD Link" type="boolean" default="true" tag="disable-pod-link" description="Create a link to POD pages" requiredPlugins="org.apache.forrest.plugin.output.POD"/>
    <field name="PrintLink" label ="Disable Print Link" type="boolean" default="true" tag="disable-print-link" description="Create a link to Print pages" requiredPlugins="org.apache.forrest.plugin.output.POD"/>
    <field name="TextLink" label ="Disable Text Link" type="boolean" default="true" tag="disable-txt-link" description="Create a link to Text pages:" requiredPlugins="org.apache.forrest.plugin.output.POD"/>
    <field name="xmlLink" label ="Disable XML Link" type="boolean" default="true" tag="disable-xml-link" description="The xml source link makes it possible to access the xml rendition of the source" requiredPlugins="org.apache.forrest.plugin.output.POD"/>
  </configFile>
</siteConfigDialog>
